PassengerId,Survived,Pclass,Sex,Age,SibSp,Parch,Fare,Embarked_S
1,0,0.8164965809277259,0,-1.5051659793084833,0.816496580927726,0.0,-0.8161405877502704,True
2,1,-1.2247448713915894,1,1.1125139847062706,0.816496580927726,0.0,1.5303470605700333,False
3,1,0.8164965809277259,1,-0.8507459883047949,-1.224744871391589,0.0,-0.7914053458899226,True
4,1,-1.2247448713915894,1,0.6216989914535042,0.816496580927726,0.0,0.8640236186155726,True
5,0,0.8164965809277259,0,0.6216989914535042,-1.224744871391589,0.0,-0.7868247455454138,True
